Titulo;Año;Director;Vista
The Arrival of a Train;1896;Auguste Lumière;1
La sortie de l'usine Lumière à Lyon;1895;Louis Lumière;1
Le tunnel sous La Manche ou Le cauchemar franco-anglais;1907;Georges Méliès;0
A Corner in Wheat;1909;D.W. Griffith;0
The Musketeers of Pig Alley;1912;D.W. Griffith;0
Fantómas a la sombra de la guillotina;1913;Louis Feuillade;0
La conciencia vengadora;1914;D.W. Griffith;0
Ditya bolshogo goroda;1914;Yevgeny Bauer;0
L'enfant de Paris;1913;Léonce Perret;0
The Wishing Ring: An Idyll of Old England;1914;Maurice Tourneur;0
Los vampiros;1915;Louis Feuillade;0
Carmen;1915;Cecil B. DeMille;0
Intolerancia;1916;D.W. Griffith;0
Judex;1916;Louis Feuillade;0
Charlot noctámbulo;1916;Charles Chaplin;0
Tih Minh;1918;Louis Feuillade;0
Barrabás;1919;Louis Feuillade;0
La culpa ajena;1919;D.W. Griffith;0
El gabinete del Dr. Caligari;1920;Robert Wiene;1
La princesa de las ostras;1919;Ernst Lubitsch;0
True Heart Susie;1919;D.W. Griffith;0
El último Mohicano;1920;Clarence Brown;0
Prästänkan;1920;Carl Theodor Dreyer;0
La muñeca;1919;Ernst Lubitsch;0
Cops;1922;Edward F. Cline;0
Las 3 luces;1921;Fritz Lang;0
El chico;1921;Charles Chaplin;1
Nanuk, el esquimal;1922;Robert J. Flaherty;0
El doctor Mabuse;1922;Fritz Lang;0
Esposas frívolas;1922;Erich von Stroheim;0
Nosferatu;1922;F.W. Murnau;1
Las dos huérfanas;1921;D.W. Griffith;0
Raskolnikow;1923;Robert Wiene;0
La souriante Madame Beudet;1923;Germaine Dulac;0
La caravana de Oregón;1923;James Cruze;0
Tres edades;1923;Edward F. Cline;0
Ballet mécanique;1924;Fernand Léger;0
Avaricia;1924;Erich von Stroheim;0
La inhumana;1924;Marcel L'Herbier;0
El último;1924;F.W. Murnau;1
Michael;1924;Carl Theodor Dreyer;0
Los nibelungos - 1ª parte: La muerte de Sigfredo;1924;Fritz Lang;0
París que duerme;1925;René Clair;0
Peter Pan;1924;Herbert Brenon;0
El moderno Sherlock Holmes;1924;Buster Keaton;0
La huelga;1925;Sergei M. Eisenstein;1
El ladrón de Bagdad;1924;Raoul Walsh;0
El gran desfile;1925;King Vidor;0
La fiebre del ajedrez;1925;Vsevolod Pudovkin;0
La quimera del oro;1925;Charles Chaplin;1
El amo de la casa;1925;Carl Theodor Dreyer;0
La viuda alegre;1925;Erich von Stroheim;0
Metrópolis;1927;Fritz Lang;1
El acorazado Potemkin;1925;Sergei M. Eisenstein;1
Siete ocasiones;1925;Buster Keaton;1
El hipócrita;1925;F.W. Murnau;0
Po zakonu;1926;Lev Kuleshov;0
Fausto;1926;F.W. Murnau;1
Hojas de parra;1926;Howard Hawks;0
Moana;1926;Frances H. Flaherty;0
La madre;1926;Vsevolod Pudovkin;0
Kurutta ippêji;1926;Teinosuke Kinugasa;0
Un sombrero de paja de Italia;1928;René Clair;0
Sur un air de Charleston;1927;Jean Renoir;0
El maquinista de La General;1926;Clyde Bruckman;1
El espejo de las tres caras;1927;Jean Epstein;0
Ello;1927;Clarence G. Badger;0
Octubre;1927;Grigoriy Aleksandrov;1
El ring;1927;Alfred Hitchcock;0
El séptimo cielo;1927;Frank Borzage;0
Amanecer;1927;F.W. Murnau;1
El dinero;1928;Marcel L'Herbier;0
El cameraman;1928;Edward Sedgwick;1
Un perro andaluz;1929;Luis Buñuel;1
La caída de la casa Usher;1928;Jean Epstein;0
Y el mundo marcha;1928;King Vidor;0
Los muelles de Nueva York;1928;Josef von Sternberg;0
Leave 'em Laughing;1928;Clyde Bruckman;0
La pasión de Juana de Arco;1928;Carl Theodor Dreyer;0
La pequeña cerillera;1928;Jean Renoir;0
La reina Kelly;1932;Erich von Stroheim;0
Los espías;1928;Fritz Lang;0
Two Tars;1928;James Parrott;0
Arsenal;1929;Aleksandr Dovzhenko;0
Black and Tan Fantasy;1929;Dudley Murphy;0
Chantaje;1929;Alfred Hitchcock;0
Dinamita;1929;Cecil B. DeMille;0
Lo viejo y lo nuevo;1929;Grigoriy Aleksandrov;0
Aleluya;1929;King Vidor;0
Lonesome;1928;Pál Fejös;0
El desfile del amor;1929;Ernst Lubitsch;0
El hombre de la cámara;1929;Dziga Vertov;1
Novyy Vavilon;1929;Grigoriy Kozintsev;0
Thunderbolt;1929;Josef von Sternberg;0
La edad de oro;1930;Luis Buñuel;0
Sin novedad en el frente;1930;Lewis Milestone;0
El ángel azul;1930;Josef von Sternberg;0
La tierra;1930;Aleksandr Dovzhenko;0
Su hombre;1930;Tay Garnett;0
Falsa personalidad;1930;Harry d'Abbadie d'Arrast;0
Monte Carlo;1930;Ernst Lubitsch;0
Bajo los techos de París;1930;René Clair;0
Tabú;1931;F.W. Murnau;0
La esposa de noche;1930;Yasujirô Ozu;0
Gente viva;1931;Roy Del Ruth;0
El campeón;1931;King Vidor;0
La golfa;1931;Jean Renoir;0
Luces de la ciudad;1931;Charles Chaplin;0
Fatalidad;1931;Josef von Sternberg;0
Entuziazm (Simfoniya Donbassa);1930;Dziga Vertov;0
M, el vampiro de Düsseldorf;1931;Fritz Lang;1
Remordimiento;1932;Ernst Lubitsch;0
La nuit du carrefour;1932;Jean Renoir;0
Philips-Radio;1931;Joris Ivens;0
The Struggle;1931;D.W. Griffith;0
Boudu salvado de las aguas;1932;Jean Renoir;0
La parada de los monstruos;1932;Tod Browning;0
Plumas de caballo;1932;Norman Z. McLeod;1
Las Hurdes;1933;Luis Buñuel;0
Ivan;1932;Aleksandr Dovzhenko;0
He nacido, pero...;1932;Yasujirô Ozu;0
Ámame esta noche;1932;Rouben Mamoulian;0
María, leyenda húngara;1932;Pál Fejös;0
La máscara de Fu-Manchú;1932;Charles Brabin;0
Mi chica y yo;1932;Raoul Walsh;0
A todo gas;1932;Edward F. Cline;0
Haciendo de las suyas;1932;James Parrott;0
El caserón de las sombras;1932;James Whale;0
Una hora contigo;1932;George Cukor;0
Scarface, el terror del hampa;1932;Howard Hawks;1
El testamento del Dr. Mabuse;1933;Fritz Lang;1
Un ladrón en la alcoba;1932;Ernst Lubitsch;0
Vampyr;1932;Carl Theodor Dreyer;1
Cero en conducta;1933;Jean Vigo;0
La amargura del general Yen;1932;Frank Capra;0
Polvorilla;1933;Victor Fleming;0
Dezertir;1933;Vsevolod Pudovkin;0
Sopa de ganso;1933;Leo McCarey;1
Velikiy uteshitel;1933;Lev Kuleshov;0
Soy un vagabundo;1933;Lewis Milestone;0
Duro de pelar;1933;Mervyn LeRoy;0
Fueros humanos;1933;Frank Borzage;0
Fantasía pasajera;1933;Yasujirô Ozu;0
Stoopnocracy;1933;Dave Fleischer;0
Topaze;1933;Harry d'Abbadie d'Arrast;0
Angèle;1934;Marcel Pagnol;0
L'atalante;1934;Jean Vigo;0
Satanás;1934;Edgar G. Ulmer;0
Cleopatra;1934;Cecil B. DeMille;0
La alegre divorciada;1934;Mark Sandrich;0
El juez Priest;1934;John Ford;0
El pan nuestro de cada día;1934;King Vidor;0
Capricho imperial;1934;Josef von Sternberg;0
La mujer de todos;1934;Max Ophüls;0
Toni;1935;Jean Renoir;0
La comedia de la vida;1934;Howard Hawks;0
Aerograd;1935;Aleksandr Dovzhenko;0
La novia de Frankenstein;1935;James Whale;1
El crimen de Monsieur Lange;1936;Jean Renoir;0
Nobleza obliga;1935;Leo McCarey;0
The Scoundrel;1935;Ben Hecht;0
La gran aventura de Silvia;1935;George Cukor;0
39 escalones;1935;Alfred Hitchcock;0
Muñecos infernales;1936;Tod Browning;0
Furia;1936;Fritz Lang;0
Tiempos modernos;1936;Charles Chaplin;1
El hijo único;1936;Yasujirô Ozu;0
Prisionero del odio;1936;John Ford;0
Rose Hobart;1936;Joseph Cornell;0
La novena sinfonía;1936;Douglas Sirk;0
Magnolia;1936;James Whale;0
La gran ilusión;1937;Jean Renoir;0
The Great Garrick;1937;James Whale;0
Dejad paso al mañana;1937;Leo McCarey;0
Las perlas de la corona;1937;Sacha Guitry;0
Sólo se vive una vez;1937;Fritz Lang;0
Alexander Nevsky;1938;Sergei M. Eisenstein;0
La bestia humana;1938;Jean Renoir;0
Detstvo Gorkogo;1938;Mark Donskoy;0
Alarma en el expreso;1938;Alfred Hitchcock;0
Olimpiada, parte 1;1938;Leni Riefenstahl;0
You and Me;1938;Fritz Lang;0
Sierra de Teruel;1940;André Malraux;0
Tú y yo;1939;Leo McCarey;0
Sólo los ángeles tienen alas;1939;Howard Hawks;0
La regla del juego;1939;Jean Renoir;0
Historia de los crisantemos tardíos;1939;Kenji Mizoguchi;0
El mago de Oz;1939;Victor Fleming;1
Navidades en julio;1940;Preston Sturges;0
Enviado especial;1940;Alfred Hitchcock;0
Las uvas de la ira;1940;John Ford;0
El gran dictador;1940;Charles Chaplin;1
Hombres intrépidos;1940;John Ford;0
Pinocho;1940;Norman Ferguson;1
Rebeca;1940;Alfred Hitchcock;0
El bazar de las sorpresas;1940;Ernst Lubitsch;0
El ladrón de Bagdad;1940;Ludwig Berger;0
El hombre que vendió su alma;1941;William Dieterle;0
Hermanos y hermanas de la familia Toda;1941;Yasujirô Ozu;0
Ciudadano Kane;1941;Orson Welles;1
Dumbo;1941;Samuel Armstrong;1
Loquilandia;1941;H.C. Potter;0
El halcón maltés;1941;John Huston;1
El hombre atrapado;1941;Fritz Lang;0
La pelirroja;1941;Raoul Walsh;0
Sospecha;1941;Alfred Hitchcock;0
La mujer pantera;1942;Jacques Tourneur;1
La venganza de los cuarenta y siete samuráis;1941;Kenji Mizoguchi;0
El cuarto mandamiento;1942;Orson Welles;0
Los viajes de Sullivan;1941;Preston Sturges;0
El cielo os pertenece;1944;Jean Grémillon;0
Dies irae;1943;Carl Theodor Dreyer;0
Dumb-Hounded;1943;Tex Avery;0
El diablo dijo no;1943;Ernst Lubitsch;0
Yo anduve con un zombie;1943;Jacques Tourneur;0
El hombre leopardo;1943;Jacques Tourneur;0
Red Hot Riding Hood;1943;Tex Avery;0
La 7a víctima;1943;Mark Robson;0
Esta tierra es mía;1943;Jean Renoir;0
Who Killed Who?;1943;Tex Avery;0
At Land;1944;Maya Deren;0
Breve encuentro;1945;David Lean;0
Perdición;1944;Billy Wilder;1
Los niños del paraíso (Les enfants du paradis);1945;Marcel Carné;0
Jammin' the Blues;1944;Gjon Mili;0
Laura;1944;Otto Preminger;0
Cita en St. Louis;1944;Vincente Minnelli;0
Screwball Squirrel;1944;Tex Avery;0
Tener y no tener;1944;Howard Hawks;0
La torre de los siete jorobados;1944;Edgar Neville;0
When Strangers Marry;1944;William Castle;0
Iván el terrible;1944;Sergei M. Eisenstein;0
El reloj;1945;Vincente Minnelli;0
Las damas del bosque de Bolonia;1945;Robert Bresson;0
Duelo al sol;1946;King Vidor;0
Perversidad;1945;Fritz Lang;0
Los tres caballeros;1944;Norman Ferguson;0
La bella y la bestia;1946;Jean Cocteau;0
Los mejores años de nuestra vida;1946;William Wyler;0
Utamaro y sus cinco mujeres;1946;Kenji Mizoguchi;0
De hoy en adelante;1946;John Berry;0
Gilda;1946;Charles Vidor;0
The Man I Love;1946;Raoul Walsh;0
A vida o muerte;1946;Michael Powell;0
Pasión de los fuertes;1946;John Ford;0
Encadenados;1946;Alfred Hitchcock;0
Paisà;1946;Roberto Rossellini;0
El limpiabotas;1946;Vittorio De Sica;0
La senda tenebrosa;1947;Delmer Daves;0
Germania, anno zero (Alemania, año cero);1948;Roberto Rossellini;0
Sé a dónde voy;1945;Michael Powell;0
King-Size Canary;1947;Tex Avery;0
Monsieur Verdoux;1947;Charles Chaplin;0
Motion Painting No. 1;1947;Oskar Fischinger;0
Larga es la noche;1947;Carol Reed;0
Retorno al pasado;1947;Jacques Tourneur;0
En legítima defensa;1947;See full summary;0
Una mujer en la playa;1947;Jean Renoir;0
The Argyle Secrets;1948;Cy Endfield;0
Ladrón de bicicletas;1948;Vittorio De Sica;0
La fuerza del mal;1948;Abraham Polonsky;0
El buen Sam;1948;Leo McCarey;0
Una gallina al viento;1948;Yasujirô Ozu;0
La dama de Shanghai;1947;Orson Welles;0
Carta de una desconocida;1948;Max Ophüls;0
Moonrise;1948;Frank Borzage;0
El pirata;1948;Vincente Minnelli;0
Las zapatillas rojas;1948;Michael Powell;0
La soga;1948;Alfred Hitchcock;1
Spring in a Small Town;1948;Mu Fei;0
La terra trema;1948;Luchino Visconti;0
Los amantes de la noche;1948;Nicholas Ray;0
La costilla de Adán;1949;George Cukor;0
Bad Luck Blackie;1949;Tex Avery;0
Begone Dull Care;1950;Evelyn Lambart;0
Le sang des bêtes;1949;Georges Franju;0
Escuela de carteros;1947;Jacques Tati;0
Los niños terribles;1950;Jean-Pierre Melville;0
Han matado a un hombre blanco;1949;Clarence Brown;0
Día de fiesta;1949;Jacques Tati;1
Primavera tardía;1949;Yasujirô Ozu;0
Little Rural Riding Hood;1949;Tex Avery;0
Almas desnudas;1949;Max Ophüls;0
Sansón y Dalila;1949;Cecil B. DeMille;0
Stromboli;1950;Roberto Rossellini;0
Mercado de ladrones;1949;Jules Dassin;0
El tercer hombre;1949;Carol Reed;0
La ventana;1949;Ted Tetzlaff;0
Eva al desnudo;1950;Joseph L. Mankiewicz;0
La reina del oeste;1950;Annie Oakley;0
La cenicienta;1950;Clyde Geronimi;1
El padre de la novia;1950;Vincente Minnelli;0
El halcón y la flecha;1950;Jacques Tourneur;0
El pistolero;1950;Henry King;0
En un lugar solitario;1950;Nicholas Ray;0
Los olvidados;1950;Luis Buñuel;1
Orfeo;1950;Jean Cocteau;0
Pánico en las calles;1950;Elia Kazan;0
The Sound of Fury;1950;Cy Endfield;0
Estrellas en mi corona;1950;Jacques Tourneur;0
El crepúsculo de los dioses;1950;Billy Wilder;1
Caravana de paz;1950;John Ford;0
El gran carnaval;1951;Billy Wilder;0
Alicia en el País de las Maravillas;1951;Clyde Geronimi;0
Bellísima;1951;Luchino Visconti;0
Ultimátum a la Tierra;1951;Robert Wise;0
Hôtel des Invalides;1952;Georges Franju;0
Pandora y el holandés errante;1951;Albert Lewin;0
Cantando bajo la lluvia;1952;Stanley Donen;0
Casco de acero;1951;Samuel Fuller;0
Un tranvía llamado deseo;1951;Elia Kazan;1
The Tall Target;1951;Anthony Mann;0
El pozo de la angustia;1951;Leo C. Popkin;0
El jeque blanco;1952;Federico Fellini;0
Cara de ángel;1953;Otto Preminger;0
Cautivos del mal;1952;Vincente Minnelli;0
Río de sangre;1952;Howard Hawks;0
Encuentro en la noche;1952;Fritz Lang;0
Europa '51;1952;Roberto Rossellini;0
Vivir;1952;Akira Kurosawa;0
La vida de Oharu, mujer galante;1952;Kenji Mizoguchi;0
Candilejas;1952;Charles Chaplin;0
Hombres errantes;1952;Nicholas Ray;0
Madame de...;1953;Max Ophüls;0
Me siento rejuvenecer;1952;Howard Hawks;0
Mi hijo John;1952;Leo McCarey;0
Testigo accidental;1952;Richard Fleischer;0
Otelo;1951;Orson Welles;0
La voz de la primera plana;1952;Samuel Fuller;0
El hijo de Rostro Pálido;1952;Frank Tashlin;0
Las estatuas también mueren;1953;Ghislain Cloquet;0
Umberto D.;1952;Vittorio De Sica;0
Traité de bave et d'éternité;1951;Isidore Isou;0
Melodías de Broadway 1955;1953;Vincente Minnelli;0
Los sobornados;1953;Fritz Lang;0
Mojada y peligrosa;1953;Charles Walters;0
Esto está de locos;1953;Chuck Jones;0
Cinco mil dedos del Dr. T;1953;Roy Rowland;0
Los caballeros las prefieren rubias;1953;Howard Hawks;0
La carroza de oro;1952;Jean Renoir;0
I Love Melvin;1953;Don Weis;0
Bésame, Kate;1953;George Sidney;0
Colorado Jim;1953;Anthony Mann;0
Calle River 99;1953;Phil Karlson;0
Manos peligrosas;1953;Samuel Fuller;0
Tres amores;1953;Vincente Minnelli;0
El sol siempre brilla en Kentucky;1953;John Ford;0
Cuentos de Tokio;1953;Yasujirô Ozu;1
Cuentos de la luna pálida;1953;Kenji Mizoguchi;0
Amazonas negras;1954;Don Weis;0
La condesa descalza;1954;Joseph L. Mankiewicz;0
Los amantes crucificados;1954;Kenji Mizoguchi;0
La torre de los ambiciosos;1954;Robert Wise;0
Johnny Guitar;1954;Nicholas Ray;0
Las vacaciones del señor Hulot;1953;Jacques Tati;1
La ventana indiscreta;1954;Alfred Hitchcock;0
Río sin retorno;1954;Otto Preminger;0
Anatahan;1953;Josef von Sternberg;0
El intendente Sansho;1954;Kenji Mizoguchi;0
Senso;1954;Luchino Visconti;0
Filón de plata;1954;Allan Dwan;0
Ha nacido una estrella;1954;George Cukor;0
El rastro de la pantera;1954;William A. Wellman;0
El salario del miedo;1953;Henri-Georges Clouzot;0
Cómicos en París;1955;Frank Tashlin;0
Conspiración de silencio;1955;John Sturges;0
La tela de araña;1955;Vincente Minnelli;0
Al este del Edén;1955;Elia Kazan;1
Eddy Duchin;1956;George Sidney;0
El beso mortal;1955;Robert Aldrich;0
La señora sin camelias;1953;Michelangelo Antonioni;0
Tierra de faraones;1955;Howard Hawks;0
Lola Montes;1955;Max Ophüls;0
Cuna de héroes;1955;John Ford;0
El hombre del brazo de oro;1955;Otto Preminger;0
Los contrabandistas de Moonfleet;1955;Fritz Lang;0
Mr. Arkadin;1955;Orson Welles;0
La noche del cazador;1955;Charles Laughton;0
Noche y niebla;1956;Alain Resnais;0
Ordet (La palabra);1955;Carl Theodor Dreyer;0
El imperio del terror;1955;Phil Karlson;0
Rebelde sin causa;1955;Nicholas Ray;1
La sal de la tierra;1954;Herbert J. Biberman;0
Noche de circo;1953;Ingmar Bergman;0
El héroe sacrílego;1955;Kenji Mizoguchi;0
Pero... ¿quién mató a Harry?;1955;Alfred Hitchcock;0
Wichita: Ciudad infernal;1955;Jacques Tourneur;0
Aparajito (El invencible);1956;Satyajit Ray;0
Baby Doll;1956;Elia Kazan;0
Cruce de destinos;1956;George Cukor;0
Más poderoso que la vida;1956;Nicholas Ray;0
Elena y los hombres;1956;Jean Renoir;0
Planeta prohibido;1956;Fred M. Wilcox;1
The Fountain of Youth;1956;Orson Welles;0
La chica no puede remediarlo;1956;Frank Tashlin;0
Ellos y ellas;1955;Joseph L. Mankiewicz;0
La invasión de los ladrones de cuerpos;1956;Don Siegel;0
Atraco perfecto;1956;Stanley Kubrick;1
Un condenado a muerte se ha fugado;1956;Robert Bresson;0
Centauros del desierto;1956;John Ford;1
Toda la memoria del mundo;1956;Alain Resnais;0
Mientras Nueva York duerme;1956;Fritz Lang;0
Tú y yo;1957;Leo McCarey;0
Victoria amarga;1957;Nicholas Ray;0
La casa del ángel;1957;Leopoldo Torre Nilsson;0
Cuarenta pistolas;1957;Samuel Fuller;0
Un rey en Nueva York;1957;Charles Chaplin;0
Kuchizuke;1957;Yasuzô Masumura;0
Les maîtres fous;1955;Jean Rouch;0
Senderos de gloria;1957;Stanley Kubrick;1
Yuma;1957;Samuel Fuller;0
Chantaje en Broadway;1957;Alexander Mackendrick;0
12 hombres sin piedad;1957;Sidney Lumet;0
Una mujer de cuidado;1957;Frank Tashlin;0
Falso culpable;1956;Alfred Hitchcock;0
Ajantrik;1958;Ritwik Ghatak;0
Cenizas y diamantes;1958;Andrzej Wajda;0
Le chant du Styrène;1958;Alain Resnais;0
La noche del demonio;1957;Jacques Tourneur;0
Gigi;1958;Vincente Minnelli;0
India: Matri Bhumi;1959;Roberto Rossellini;0
El hombre del Oeste;1958;Anthony Mann;0
Los mocosos;1957;François Truffaut;0
Mi tío;1958;Jacques Tati;1
Asesinato por contrato;1958;Irving Lerner;0
Chicago, año 30;1958;Nicholas Ray;0
Yo soy el padre y la madre;1958;Frank Tashlin;0
Une simple histoire;1959;Marcel Hanoun;0
Ángeles sin brillo;1957;Douglas Sirk;0
Tiempo de amar, tiempo de morir;1958;Douglas Sirk;0
Sed de mal;1958;Orson Welles;1
Vértigo (De entre los muertos);1958;Alfred Hitchcock;0
Muerte en los pantanos;1958;Nicholas Ray;0
Anatomía de un asesinato;1959;Otto Preminger;0
La aventura;1960;Michelangelo Antonioni;0
Al final de la escapada;1960;Jean-Luc Godard;1
Los cuatrocientos golpes;1959;François Truffaut;1
Buenos días;1959;Yasujirô Ozu;0
Hiroshima, mon amour;1959;Alain Resnais;1
El rostro;1958;Ingmar Bergman;0
Nazarín;1959;Luis Buñuel;0
Con la muerte en los talones;1959;Alfred Hitchcock;1
El fotógrafo del pánico;1960;Michael Powell;0
Pickpocket;1959;Robert Bresson;0
A pleno sol;1960;René Clément;0
Río Bravo;1959;Howard Hawks;0
El testamento de Orfeo;1960;Jean Cocteau;0
El tigre de Esnapur;1959;Fritz Lang;0
El botones;1960;Jerry Lewis;0
Suena el teléfono;1960;Vincente Minnelli;0
Les bonnes femmes;1960;Claude Chabrol;0
The Cloud-Capped Star;1960;Ritwik Ghatak;0
Devi;1960;Satyajit Ray;0
El fuego y la palabra;1960;Richard Brooks;0
Nise daigakusei;1960;Yasuzô Masumura;0
El multimillonario;1960;George Cukor;0
Psicosis;1960;Alfred Hitchcock;1
Los dientes del diablo;1960;Nicholas Ray;0
Sombras;1958;John Cassavetes;0
Espartaco;1960;Stanley Kubrick;0
Los crímenes del doctor Mabuse;1960;Fritz Lang;0
Tirad sobre el pianista;1960;François Truffaut;1
Río salvaje;1960;Elia Kazan;0
La joven;1960;Luis Buñuel;0
Zazie en el metro;1960;Louis Malle;0
Accattone;1961;Pier Paolo Pasolini;0
Crónica de un verano;1961;Edgar Morin;0
Cleo de 5 a 7;1962;Agnès Varda;0
The Exiles;1961;Kent Mackenzie;0
El buscavidas;1961;Robert Rossen;0
El terror de las chicas;1961;Jerry Lewis;0
El año pasado en Marienbad;1961;Alain Resnais;0
Lola;1961;Jacques Demy;0
Paris nous appartient;1961;Jacques Rivette;0
Viridiana;1961;Luis Buñuel;1
Tsuma wa kokuhaku suru;1961;Yasuzô Masumura;0
Yukinojô henge;1963;Kon Ichikawa;0
Confessions of an Opium Eater;1962;Albert Zugsmith;0
El eclipse;1962;Michelangelo Antonioni;0
El ángel exterminador;1962;Luis Buñuel;1
La casa es negra;1963;Forugh Farrokhzad;0
El mensajero del miedo;1962;John Frankenheimer;0
El hombre que mató a Liberty Valance;1962;John Ford;1
Le rendez-vous de minuit;1962;Roger Leenhardt;0
Too Late Blues;1961;John Cassavetes;0
O necem jiném;1963;Vera Chytilová;0
Adieu Philippine;1962;Jacques Rozier;0
El desprecio;1963;Jean-Luc Godard;0
Fellini 8½;1963;Federico Fellini;1
El gatopardo;1963;Luchino Visconti;0
Méditerranée;1963;Jean-Daniel Pollet;0
Muriel;1963;Alain Resnais;0
El profesor chiflado;1963;Jerry Lewis;0
Ro.Go.Pa.G.;1963;Jean-Luc Godard;0
Corredor sin retorno;1963;Samuel Fuller;0
El proceso;1962;Orson Welles;1
Banda aparte;1964;Jean-Luc Godard;0
Culloden;1964;Peter Watkins;0
Antes de la revolución;1964;Bernardo Bertolucci;0
Dios y el diablo en la tierra del sol;1964;Glauber Rocha;0
Caso clínico en la clínica;1964;Frank Tashlin;0
Gertrud;1964;Carl Theodor Dreyer;0
¡Qué noche la de aquel día!;1964;The Beatles;0
Soy Cuba;1964;Mikhail Kalatozov;0
El muelle;1962;Chris Marker;0
La mujer casada;1964;Jean-Luc Godard;0
Noviciat;1965;Noël Burch;0
La piel suave;1964;François Truffaut;0
Point of Order!;1964;Emile de Antonio;0
El desierto rojo;1964;Michelangelo Antonioni;0
Los corceles de fuego;1965;Sergei Parajanov;1
Zulú;1964;Cy Endfield;0
Lemmy contra Alphaville;1965;Jean-Luc Godard;1
Khesht va Ayeneh;1965;Ebrahim Golestan;0
Zacharovannaya Desna;1964;Yuliya Solntseva;0
Masculino, femenino;1966;Jean-Luc Godard;0
Nicht versöhnt oder Es hilft nur Gewalt, wo Gewalt herrscht;1965;Jean-Marie Straub;0
¡Peligro... línea 7000!;1965;Howard Hawks;0
Report;1967;Bruce Conner;0
Vinyl;1965;Andy Warhol;0
Andrei Rublev;1966;Andrei Tarkovsky;0
Al azar de Baltasar;1966;Robert Bresson;0
La noire de...;1966;Ousmane Sembene;0
Las margaritas;1966;Vera Chytilová;0
Pajaritos y pajarracos;1966;Pier Paolo Pasolini;0
Inauguration of the Pleasure Dome;1954;Kenneth Anger;0
Todo por amor;1966;George Axelrod;0
Made in U.S.A;1966;Jean-Luc Godard;0
Edipo Re;1967;Pier Paolo Pasolini;0
Persona;1966;Ingmar Bergman;1
El ángel rojo;1966;Yasuzô Masumura;0
2 ou 3 choses que je sais d'elle;1967;Jean-Luc Godard;1
El juego de la guerra;1967;Peter Watkins;0
What's Up, Tiger Lily?;1966;Woody Allen;0
El oficio más viejo del mundo;1967;Claude Autant-Lara;0
Belle de jour (Bella de día);1967;Luis Buñuel;1
Bonnie y Clyde;1967;Bonnie Parker;0
China está cerca;1967;Marco Bellocchio;0
La chinoise;1967;Jean-Luc Godard;0
David Holzman's Diary;1967;Jim McBride;0
Le Horla;1966;Jean-Daniel Pollet;0
Jeongsa;1965;Il-Ho Jang;0
Mouchette;1967;Robert Bresson;0
Playtime;1967;Jacques Tati;1
A quemarropa;1967;John Boorman;0
La prise de pouvoir par Louis XIV;1967;Roberto Rossellini;0
Privilegio;1967;Peter Watkins;0
Csillagosok, katonák;1967;Miklós Jancsó;0
El tiroteo;1966;Monte Hellman;0
Wavelength;1967;Michael Snow;0
Week End;1967;Jean-Luc Godard;0
Las señoritas de Rochefort;1967;Jacques Demy;0
Der Bräutigam, die Komödiantin und der Zuhälter;1968;Jean-Marie Straub;0
Dead by Hanging;1968;Nagisa Ôshima;0
Faces;1968;John Cassavetes;0
Te amo, te amo;1968;Alain Resnais;0
El guateque;1968;Blake Edwards;1
Petulia;1968;Richard Lester;0
The Plot Against Harry;1989;Michael Roemer;0
La semilla del diablo;1968;Roman Polanski;0
Sayat nova. El color de la granada;1969;Sergei Parajanov;1
Le 17e parallèle: La guerre du peuple;1968;Joris Ivens;0
Besos robados;1968;François Truffaut;0
El héroe anda suelto;1968;Peter Bogdanovich;0
Teorema;1968;Pier Paolo Pasolini;0
2001: Una odisea del espacio;1968;Stanley Kubrick;1
Amor loco;1969;Jacques Rivette;0
<--->;1969;Michael Snow;0
La sala de estar con cama;1969;Richard Lester;0
La mujer infiel;1969;Claude Chabrol;0
Blue Movie;1969;Andy Warhol;0
The Grandmother;1970;David Lynch;0
Ice;1970;Robert Kramer;0
Katzelmacher;1969;Rainer Werner Fassbinder;0
Mi noche con Maud;1969;Éric Rohmer;0
Mr. Freedom;1968;William Klein;0
Un tiempo para morir;1969;Budd Boetticher;0
Tom, Tom, the Piper's Son;1969;Ken Jacobs;0
Grupo salvaje;1969;Sam Peckinpah;0
Le cochon;1970;Jean-Michel Barjol;0
Aranyer Din Ratri;1970;Satyajit Ray;0
El pequeño salvaje;1970;François Truffaut;0
Fata Morgana;1971;Werner Herzog;0
Los asesinos de la luna de miel;1970;Leonard Kastle;0
Performance;1970;Donald Cammell;0
Le petit théâtre de Jean Renoir;1970;Jean Renoir;0
La vida privada de Sherlock Holmes;1970;Billy Wilder;0
Scenes from Under Childhood Section #4;1970;Stan Brakhage;0
La estrategia de la araña;1970;Bernardo Bertolucci;0
Tristana;1970;Luis Buñuel;0
Vampir Cuadecuc;1971;Pere Portabella;0
Woodstock;1970;Michael Wadleigh;0
Zabriskie Point;1970;Michelangelo Antonioni;0
The Act of Seeing with One's Own Eyes;1971;Stan Brakhage;0
Der Tod der Maria Malibran;1972;Werner Schroeter;0
Deux fois;1968;Jackie Raynal;0
Cuatro noches de un soñador;1971;Robert Bresson;0
Como Era Gostoso o Meu Francês;1971;Nelson Pereira dos Santos;0
Los vividores;1971;Robert Altman;0
Corazón verde;1971;Elaine May;0
Hapax Legomena I: Nostalgia;1971;Hollis Frampton;0
Out 1, noli me tangere;1971;Jacques Rivette;0
Petit à petit;1970;Jean Rouch;0
Még kér a nép;1972;Miklós Jancsó;0
La région centrale;1971;Michael Snow;0
Reminiscences of a Journey to Lithuania;1972;Jonas Mekas;0
Tráfico;1971;Jacques Tati;1
Carretera asfaltada en dos direcciones;1971;Monte Hellman;0
Walkabout;1971;Nicolas Roeg;0
Wanda;1970;Barbara Loden;0
Los misterios del organismo;1971;Dusan Makavejev;0
Aguirre, la cólera de Dios;1972;Werner Herzog;0
¿Qué ocurrió entre mi padre y tu madre?;1972;Billy Wilder;0
El discreto encanto de la burguesía;1972;Luis Buñuel;1
Fat City, ciudad dorada;1972;John Huston;0
Roma;1972;Federico Fellini;0
El rompecorazones;1972;Elaine May;0
El último tango en París;1972;Bernardo Bertolucci;0
Out 1: Spectre;1972;Jacques Rivette;0
Solaris;1972;Andrei Tarkovsky;1
Malas tierras;1973;Terrence Malick;0
Fraude;1973;Orson Welles;0
Un largo adiós;1973;Robert Altman;0
Martha;1973;Rainer Werner Fassbinder;0
Mogholha;1973;Parviz Kimiavi;0
La maman et la putain;1973;Jean Eustache;0
Sanrizuka: Heta buraku;1973;Shinsuke Ogawa;0
Nathalie Granger;1972;Marguerite Duras;0
Zafarrancho en el circo;1972;Jacques Tati;0
Salomé;1973;Clive Barker;0
La bella durmiente;1973;James B. Harris;0
Touki-Bouki;1973;Djibril Diop Mambéty;0
¿Qué?;1972;Roman Polanski;0
Alicia en las ciudades;1974;Wim Wenders;0
Benilde ou a Virgem Mãe;1975;Manoel de Oliveira;0
Quiero la cabeza de Alfredo García;1974;Sam Peckinpah;0
Celine y Julie van en barco;1974;Jacques Rivette;0
Gallos de pelea;1974;Monte Hellman;0
La conversación;1974;Francis Ford Coppola;1
Eadweard Muybridge, Zoopraxographer;1975;Thom Andersen;0
La boca abierta;1974;Maurice Pialat;0
Lancelot du Lac;1974;Robert Bresson;0
Gelegenheitsarbeit einer Sklavin;1973;Alexander Kluge;0
El fantasma de la libertad;1974;Luis Buñuel;0
Jukti, Takko Aar Gappo;1974;Ritwik Ghatak;0
Stavisky...;1974;Alain Resnais;0
Mossafer;1974;Abbas Kiarostami;0
Una mujer bajo la influencia;1974;John Cassavetes;0
Anatomie d'un rapport;1976;Luc Moullet;0
Barry Lyndon;1975;Stanley Kubrick;0
India Song;1975;Marguerite Duras;0
Jeanne Dielman, 23, quai du commerce, 1080 Bruxelles;1975;Chantal Akerman;0
El asesinato de un corredor de apuestas chino;1976;John Cassavetes;0
Mandingo;1975;Richard Fleischer;0
La traición de Mikey;1976;Elaine May;0
La noche se mueve;1975;Arthur Penn;0
Número dos;1975;Jean-Luc Godard;0
El reportero;1975;Michelangelo Antonioni;0
Dow Rahehal Baraye yek Massaleh;1975;Abbas Kiarostami;0
Welfare;1975;Frederick Wiseman;0
Breakfast (Table Top Dolly);1976;Michael Snow;0
Edvard Munch;1976;Peter Watkins;0
11 x 14;1977;James Benning;0
La trama;1976;Alfred Hitchcock;0
Ici et ailleurs;1976;Jean-Luc Godard;0
El inocente;1976;Luchino Visconti;0
El imperio de los sentidos;1976;Nagisa Ôshima;0
Fascinación;1976;Brian De Palma;0
Wide Angle Saxon;1975;Owen Land;0
Annie Hall;1977;Woody Allen;1
Le camion;1977;Marguerite Duras;0
Tratar con cuidado;1977;See full summary;0
Colloque de chiens;1977;Raoul Ruiz;0
El diablo, probablemente;1977;Robert Bresson;0
Cabeza borradora;1977;David Lynch;1
Hitler, ein Film aus Deutschland;1977;Hans-Jürgen Syberberg;0
Last Chants for a Slow Dance;1977;Jon Jost;0
One Way Boogie Woogie;1977;James Benning;0
Passing Through;1977;Larry Clark;0
Providence;1977;Alain Resnais;0
Ese oscuro objeto del deseo;1977;Luis Buñuel;0
Valse Triste;1977;Bruce Conner;0
La habitación verde;1978;François Truffaut;0
The Discipline of D.E.;1982;Gus Van Sant;0
Amor de Perdição: Memórias de uma Família;1982;António Sequeira Lopes;0
Filming 'Othello';1978;Orson Welles;0
France/tour/detour/deux/enfants;1978;Camille Virolleaud;0
Dalla nube alla resistenza;1979;Danièle Huillet;0
Genèse d'un repas;1979;Luc Moullet;0
Incontinence: A Diarrhetic Flow of Mismatches;1978;Manuel De Landa;0
Killer of Sheep;1978;Charles Burnett;0
Lmno;1978;Robert Breer;0
Martin;1977;George A. Romero;0
Devo: Mongoloid;1977;Bruce Conner;0
Los encuentros de Ana;1978;Chantal Akerman;0
The Scenic Route;1978;Mark Rappaport;0
Empieza el espectáculo;1979;Bob Fosse;0
Apocalypse Now;1979;Francis Ford Coppola;1
Más allá del valle de las ultravixens;1979;Russ Meyer;0
1941;1979;Steven Spielberg;0
Perceval le Gallois;1978;Éric Rohmer;0
Real Life;1979;Albert Brooks;0
Richard Pryor: Live in Concert;1979;Jeff Margolis;1
Stalker;1979;Andrei Tarkovsky;1
Bildnis einer Trinkerin;1979;Ulrike Ottinger;0
Sangre sabia;1979;John Huston;0
Atlantic City;1980;Louis Malle;0
Uno Rojo: División de choque;1980;Samuel Fuller;0
Gloria;1980;John Cassavetes;0
 BBC2 Playhouse;1980;Mike Leigh;0
The Little Richard Story;1980;William Klein;0
Melvin y Howard;1980;Jonathan Demme;0
La mémoire courte;1979;Eduardo de Gregorio;0
The Metaphor;1980;King Vidor;0
Mi tío de América;1980;Alain Resnais;0
Caído del cielo;1980;Dennis Hopper;0
El resplandor;1980;Stanley Kubrick;1
Charmed Particles;1979;Andrew Noren;0
El camino de Cutter;1981;Ivan Passer;0
¡Dale fuerte! Jerry;1980;Jerry Lewis;0
La loca historia del mundo;1981;Mel Brooks;0
Un romance de hoy;1981;Albert Brooks;0
Be Tartib ya Bedoun-e Tartib;1995;Abbas Kiarostami;0
Dinero caído del cielo;1981;Herbert Ross;0
Het dak van de Walvis;1982;Raoul Ruiz;0
Trop tôt/Trop tard;1981;Danièle Huillet;0
Two Portraits;1982;Peter Thompson;0
Ha-Ayit;1981;Yaky Yosha;0
Perro blanco;1982;Samuel Fuller;0
Blade Runner;1982;Ridley Scott;1
Una habitación en la ciudad;1982;Jacques Demy;0
En rachâchant;1982;Danièle Huillet;0
Yoman Sadeh;1982;Amos Gitai;0
La guerre d'un seul homme;1982;Edgardo Cozarinsky;0
 Visions;1982;Jean-Luc Godard;0
You Are Not I;1981;Sara Driver;0
Adynata;1983;Leslie Thornton;0
Ananas;1984;Amos Gitai;0
Les années 80;1983;Chantal Akerman;0
El dinero;1983;Robert Bresson;0
El loco mundo de Jerry;1983;Jerry Lewis;0
Hamshahri;1995;Abbas Kiarostami;0
Buscadores de oro;1983;Sally Potter;0
El hombre de Chinatown;1982;Wim Wenders;0
En los límites de la realidad;1983;Rod Serling;0
El rey de la comedia;1982;Martin Scorsese;1
My Brother's Wedding;1983;Charles Burnett;0
Sans soleil;1983;Chris Marker;0
Selva. Un portrait de Parvaneh Navaï;1983;Maria Klonaris;0
Er zi de da wan ou;1983;Hsiao-Hsien Hou;0
El estado de las cosas;1982;Wim Wenders;0
Unknown Chaplin;1982;James Mason;0
Videodrome;1983;David Cronenberg;0
Öszi almanach;1984;Béla Tarr;0
Barres;1984;Luc Moullet;0
Broadway Danny Rose;1984;Woody Allen;0
Elígeme;1984;Alan Rudolph;0
Tian guo ni zi;1994;Ho Yim;0
Osôshiki;1984;Jûzô Itami;0
Corrientes de amor;1984;John Cassavetes;0
Mutable Fire;1984;Bradley Eros;0
1984;1984;Michael Radford;1
Extraños en el paraíso;1984;Jim Jarmusch;0
Chicas en pie de guerra;1984;Jonathan Demme;0
El día de los muertos;1985;George A. Romero;0
Dao ma zei;1986;Zhuangzhuang Tian;0
Manoel na Isla Das Maravilhas;1986;Ruben de Freitas;0
The Man Who Envied Women;1985;Yvonne Rainer;0
Mix-Up ou Meli-melo;1986;Françoise Romand;0
Next of Kin;1984;Atom Egoyan;0
Passionless Moments;1983;Jane Campion;0
Shoah;1985;Claude Lanzmann;0
Una historia de Taipei;1985;Edward Yang;0
Tóngnián wangshì;1985;Hsiao-Hsien Hou;0
Sin techo ni ley;1985;Agnès Varda;0
Mala sangre;1986;Leos Carax;0
Bajo el peso de la ley;1986;Jim Jarmusch;0
Joan Does Dynasty;1986;Joan Braderman;0
Mélo;1986;Alain Resnais;0
Mémoire des apparences;1986;Raoul Ruiz;0
The Mexican Tapes: A Chronicle of Life Outside the Law;1986;Louis Hock;0
Dastforoush;1987;Mohsen Makhmalbaf;0
Routine Pleasures;1986;Jean-Pierre Gorin;0
Sherman's March;1985;Ross McElwee;0
Sleepwalk;1986;Sara Driver;0
Tampopo;1985;Jûzô Itami;0
Candy Mountain;1987;Robert Frank;0
La chouette aveugle;1987;Raoul Ruiz;0
La condena;1988;Béla Tarr;0
Dal Polo all'Equatore;1987;Yervant Gianikian;0
La chaqueta metálica;1987;Stanley Kubrick;1
El arca de Silvia;1987;Bill Forsyth;0
Casa de juegos;1987;David Mamet;0
Ishtar;1987;Elaine May;0
Landscape Suicide;1987;James Benning;0
El último emperador;1987;Bernardo Bertolucci;0
Mammame;1986;Raoul Ruiz;0
The Silent Majority;1987;Mehrnaz Saeed-Vafa;0
Los hombres duros no bailan;1987;Norman Mailer;0
Universal Hotel;1986;Peter Thompson;0
Walker (Una historia verdadera);1987;Alex Cox;0
A Western;1987;Laurie Dunphy;0
¿Dónde está la casa de mi amigo?;1987;Abbas Kiarostami;0
La luz;1987;Souleymane Cissé;0
Bird;1988;Clint Eastwood;0
Schwarze Sünde;1990;Danièle Huillet;0
Camp de Thiaroye;1988;Ousmane Sembene;0
El decálogo;1988;Artur Barcis;0
Voces distantes;1988;Terence Davies;0
Essai d'ouverture;1988;Luc Moullet;0
Golub;1988;Jerry Blumenthal;0
Hairspray, fiebre de los 60;1988;John Waters;0
Grandes ambiciones;1988;Mike Leigh;0
King Lear;1987;Jean-Luc Godard;0
Puissance de la parole;1988;Jean-Luc Godard;0
Une histoire de vent;1988;Joris Ivens;0
Talking to Strangers;1988;Rob Tregenza;0
Trois places pour le 26;1988;Jacques Demy;0
¿Quién engañó a Roger Rabbit?;1988;Robert Zemeckis;1
Las aventuras del barón Munchausen;1988;Terry Gilliam;0
El síndrome asténico;1989;Kira Muratova;0
Cézanne - Dialogue avec Joachim Gasquet (Les éditions Bernheim-Jeune);1990;Danièle Huillet;0
Chameleon Street;1989;Wendell B. Harris Jr.;0
Ciudad doliente;1989;Hsiao-Hsien Hou;0
The Deadman;1987;Peggy Ahwesh;0
Haz lo que debas;1989;Spike Lee;1
Enemigos, a love story;1989;Paul Mazursky;0
Forevermore: Biography of a Leach Lord;1989;Eric Saks;0
The Iceman Cometh;1989;Clarence Yiu-leung Fok;0
Bilder der Welt und Inschrift des Krieges;1989;Harun Farocki;0
Arousi-ye Khouban;1989;Mohsen Makhmalbaf;0
Mr. Hoover and I;1989;Emile de Antonio;0
Rembrandt Laughing;1989;Jon Jost;0
A Spy in the House that Ruth Built;1990;Vanalyne Green;0
Sweetie;1989;Jane Campion;0
Archangel;1990;Guy Maddin;0
Primer plano;1990;Abbas Kiarostami;0
Khostovanank;1990;Sergei Parajanov;0
Días salvajes;1990;Kar-Wai Wong;0
Mashgh-e Shab;1989;Abbas Kiarostami;0
Leben - BRD;1990;Harun Farocki;0
The Machine That Killed Bad People;1990;Steve Fagin;0
Esperando a Mr. Bridge;1990;James Ivory;0
No, o la vana gloria de mandar;1990;Manoel de Oliveira;0
Nueva ola;1990;Jean-Luc Godard;0
C'est vrai;1990;Robert Frank;0
Texasville;1990;Peter Bogdanovich;0
Nunca te acuestes enfadado;1990;Charles Burnett;0
Cazador blanco, corazón negro;1990;Clint Eastwood;0
Ruan Ling Yu;1991;Stanley Kwan;0
Los amantes del Pont-Neuf;1991;Leos Carax;0
La bella mentirosa;1991;Jacques Rivette;0
Un día de verano;1991;Edward Yang;0
La cabale des oursins;1992;Luc Moullet;0
El cielo... próximamente;1991;Albert Brooks;0
Colegas;1991;Joseph B. Vasquez;0
Mi Idaho privado;1991;Gus Van Sant;0
Noche y día;1991;Chantal Akerman;0
Rapsodia en agosto;1991;Akira Kurosawa;0
Instinto básico;1992;Paul Verhoeven;0
Drácula de Bram Stoker;1992;Francis Ford Coppola;0
Careful;1992;See full summary;0
Con mis ojos cerrados;1991;Stephen Poliakoff;0
La cara sucia de la ley;1992;Bill Duke;0
The Famine Within;1990;Katherine Gilday;0
Guelwaar;1992;Ousmane Sembene;0
Las horas y los tiempos;1991;Christopher Munch;0
Y la vida continúa;1992;Abbas Kiarostami;0
El largo día acaba;1992;Terence Davies;0
El almuerzo desnudo;1991;David Cronenberg;0
Lunas de hiel;1992;Roman Polanski;0
La cometa azul;1993;Zhuangzhuang Tian;0
Calendar;1993;Atom Egoyan;0
D'Est;1993;Chantal Akerman;0
Atrapado en el tiempo;1993;Harold Ramis;1
El patrullero;1991;Alex Cox;0
Hyènes;1992;Djibril Diop Mambéty;0
Aprendiendo a vivir;1994;James L. Brooks;0
Latcho Drom;1993;Tony Gatlif;0
Matinee;1993;Joe Dante;0
Mi estación preferida;1993;André Téchiné;0
El nacimiento del amor;1993;Philippe Garrel;0
El maestro de marionetas;1993;Hsiao-Hsien Hou;0
Ruby en el paraíso;1993;Victor Nunez;0
El olor de la papaya verde;1993;Anh Hung Tran;0
Este contraveneno del Oeste;1994;Kar-Wai Wong;0
The Chartres Series;1994;Stan Brakhage;0
Crumb;1994;Terry Zwigoff;0
Dieu sait quoi;1994;Jean-Daniel Pollet;0
Exótica;1994;Atom Egoyan;0
Exterior Night;1993;Mark Rappaport;0
Le tombeau d'Alexandre;1993;Chris Marker;0
Tres colores: Rojo;1994;Krzysztof Kieslowski;0
Sátántangó;1994;Béla Tarr;0
Heimat - Eine Chronik in elf Teilen;1984;Marita Breuer;0
That's Entertainment! III;1994;Bud Friedgen;0
Antes de amanecer;1995;Richard Linklater;0
Hong fen;1995;Shaohong Li;0
Dead Man;1995;Jim Jarmusch;0
From the Journals of Jean Seberg;1995;Mark Rappaport;0
Hao nan hao nu;1995;Hsiao-Hsien Hou;0
A Great Day in Harlem;1994;Jean Bach;0
Alto bajo frágil;1995;Jacques Rivette;0
Safe;1995;Todd Haynes;0
Salam Cinema;1995;Mohsen Makhmalbaf;0
Le fils de Gascogne;1995;Pascal Aubier;0
Underground;1995;Emir Kusturica;0
When It Rains;1995;Charles Burnett;0
La ceremonia;1995;Claude Chabrol;0
Nan guo zai jian, nan guo;1996;Hsiao-Hsien Hou;0
Improvisation;1950;Gjon Mili;0
Irma Vep;1996;Olivier Assayas;0
Ma jiang;1996;Edward Yang;0
Vostochnaya elegiya;1996;Aleksandr Sokurov;0
The Suicide;1996;Gregg Bordowitz;0
Los ladrones;1996;André Téchiné;0
Tikhie stranitsy;1994;Aleksandr Sokurov;0
Camino al cielo;1997;Robert Duvall;0
Lan yue;1997;I-Chen Ko;0
Tian mi mi;1996;Peter Ho-Sun Chan;0
El destino;1997;Youssef Chahine;0
Fast, Cheap & Out of Control;1997;Errol Morris;0
Happy Together;1997;Kar-Wai Wong;0
 Great Performances;1997;Robert Altman;0
Amor y muerte en Long Island;1997;See full summary;0
He liu;1997;Ming-liang Tsai;0
En directo para Newsnet;1997;Joe Dante;0
El sabor de las cerezas;1997;Abbas Kiarostami;0
Yours;1998;Jeffrey Noyes Scher;0
Alone. Life Wastes Andy Hardy;1998;Martin Arnold;0
Bulworth;1998;Warren Beatty;0
Circle's Short Circuit;1998;Caspar Stracke;0
Divorce Iranian Style;1998;Kim Longinotto;0
 Histoire(s) du cinéma;1998;Jean-Luc Godard;0
Inquietud;1998;Manoel de Oliveira;0
Khrustalyov, mashinu!;1998;Aleksey German;0
New Rose Hotel;1998;Abel Ferrara;0
Los Newton Boys;1998;Richard Linklater;0
La delgada línea roja;1998;James Jones;0
West Beirut;1998;Ziad Doueiri;0
Sib;1998;Samira Makhmalbaf;0
Buen trabajo;1999;Claire Denis;0
Asediada;1998;Bernardo Bertolucci;0
Eyes Wide Shut;1999;Stanley Kubrick;1
Ghost Dog, el camino del samurái;1999;Jim Jarmusch;0
Seul contre tous;1998;Gaspar Noé;0
El verano de Kikujiro;1999;Takeshi Kitano;0
Los amantes del círculo polar;1998;Julio Medem;1
Zhao xiansheng;1998;Yue Lü;0
Public Housing;1997;Frederick Wiseman;0
Rosetta;1999;Jean-Pierre Dardenne;0
Academia Rushmore;1998;Wes Anderson;1
Seis nueve;1999;See full summary;0
El viento nos llevará;1999;Abbas Kiarostami;0
Koudak va sarbaz;2000;Reza Mirkarimi;0
Chunhyangdyun;2000;See full summary;0
Roozi ke zan shodam;2000;See full summary;0
George Washington;2000;David Gordon Green;0
Los espigadores y la espigadora;2000;Agnès Varda;0
Hamlet - Una historia eterna;2000;Michael Almereyda;0
The Heart of the World;2000;Guy Maddin;0
The hole;1998;Ming-liang Tsai;0
Deseando amar;2000;Kar-Wai Wong;0
Mysterious Object at Noon;2000;Apichatpong Weerasethakul;0
Zhantai;2000;Zhangke Jia;0
Yi yi;2000;Edward Yang;0
A.I. Inteligencia Artificial;2001;Steven Spielberg;1
El círculo;2000;Jafar Panahi;0
Vuelvo a casa;2001;Manoel de Oliveira;0
The Mad Songs of Fernanda Hussein;2001;John Gianvito;0
Mulholland Drive;2001;David Lynch;1
Mi viaje a Italia;1999;Martin Scorsese;0
Operai, contadini;2001;Danièle Huillet;0
Où gît votre sourire enfoui?;2001;Pedro Costa;0
El baile de los sicarios;2001;Seijun Suzuki;0
Despertando a la vida;2001;Richard Linklater;0
Ni na bian ji dian;2001;Ming-liang Tsai;0
El maullido del gato;2001;William Randolph Hearst;0
*Corpus Callosum;2002;Michael Snow;0
Femme Fatale;2002;Brian De Palma;0
El arca rusa;2002;Aleksandr Sokurov;0
Spider;2002;David Cronenberg;0
Primavera en Smalltown;2002;Zhuangzhuang Tian;0
Felices dieciséis;2002;Ken Loach;0
Tangos robados;2001;Eduardo de Gregorio;0
The Tracker;2002;See full summary;0
La última noche;2002;Spike Lee;0
Y tu mamá también;2001;Alfonso Cuarón;0
Talaye sorkh;2003;Jafar Panahi;0
Abajo el amor;2003;Peyton Reed;0
Elephant;2003;Gus Van Sant;0
Go Further;2003;Ron Mann;0
Bu san;2003;Ming-liang Tsai;0
Los Angeles Plays Itself;2003;Thom Andersen;0
The Same River Twice;2003;Robb Moss;0
